{
    "view": "enum-extend-view:views/fields/enum-extend-view",
    "params": [{
            "name": "required",
            "type": "bool",
            "default": false
        },
        {
            "name": "options",
            "type": "array",
            "view": "views/admin/field-manager/fields/options-with-style",
            "tooltip": true
        },
        {
            "name": "default",
            "type": "enum",
            "view": "views/admin/field-manager/fields/options/default"
        },
        {
            "name": "optionsReference",
            "type": "varchar",
            "view": "views/admin/field-manager/fields/options-reference",
            "tooltip": true
        },
        {
            "name": "isSorted",
            "type": "bool"
        },
        {
            "name": "translation",
            "type": "varchar",
            "hidden": true
        },
        {
            "name": "optionsPath",
            "type": "varchar",
            "hidden": true
        },
        {
            "name": "style",
            "type": "jsonObject",
            "hidden": true
        },
        {
            "name": "displayAsLabel",
            "type": "bool"
        },
        {
            "name": "audited",
            "type": "bool"
        },
        {
            "name": "readOnly",
            "type": "bool"
        },
        {
            "name": "viewOption",
            "type": "enum",
            "options": ["dropdown", "radio", "kanban"]
        }
    ],
    "validationList": [
        "required",
        "valid",
        "maxLength"
    ],
    "mandatoryValidationList": [
        "valid",
        "maxLength"
    ],
    "filter": true,
    "fieldDefs": {
        "type": "varchar"
    },
    "translatedOptions": true,
    "dynamicLogicOptions": true,
    "personalData": true
}
